n,algoritmo,repetición,distancia,tiempo_segundos
5,PATH_CHEAPEST_ARC,1,197.76047663253783,0.0018367767333984375
5,PATH_CHEAPEST_ARC,2,224.51534663185663,0.0007145404815673828
5,PATH_CHEAPEST_ARC,3,222.22066460653178,0.0006730556488037109
5,PATH_CHEAPEST_ARC,4,146.33929533961978,0.0006642341613769531
5,PATH_CHEAPEST_ARC,5,157.05447421328523,0.0006859302520751953
5,PATH_CHEAPEST_ARC,6,183.519871008189,0.0006825923919677734
5,PATH_CHEAPEST_ARC,7,220.6511492610881,0.0006697177886962891
5,PATH_CHEAPEST_ARC,8,235.4819262030764,0.0006868839263916016
5,PATH_CHEAPEST_ARC,9,257.25427017215327,0.00067901611328125
5,PATH_CHEAPEST_ARC,10,243.52498442227255,0.000682830810546875
5,SAVINGS,1,196.3832597835783,0.0008261203765869141
5,SAVINGS,2,216.76462267898665,0.0006890296936035156
5,SAVINGS,3,259.7715384652131,0.0007233619689941406
5,SAVINGS,4,287.7147569230868,0.0006771087646484375
5,SAVINGS,5,165.00055956449108,0.0006732940673828125
5,SAVINGS,6,210.51609073342195,0.0007457733154296875
5,SAVINGS,7,258.30804787313696,0.0006725788116455078
5,SAVINGS,8,222.90783495971857,0.0006735324859619141
5,SAVINGS,9,209.0977589078728,0.0006573200225830078
5,SAVINGS,10,259.3364030944535,0.000667572021484375
5,CHRISTOFIDES,1,277.8483886890414,0.0007407665252685547
5,CHRISTOFIDES,2,234.90180855895238,0.0007197856903076172
5,CHRISTOFIDES,3,223.3794502593272,0.0007431507110595703
5,CHRISTOFIDES,4,207.80624586281633,0.0007870197296142578
5,CHRISTOFIDES,5,189.77356227562353,0.0007922649383544922
5,CHRISTOFIDES,6,276.30162533431906,0.00074005126953125
5,CHRISTOFIDES,7,237.61845020922175,0.0007283687591552734
5,CHRISTOFIDES,8,249.10745851404505,0.0007624626159667969
5,CHRISTOFIDES,9,200.41798169371486,0.0006630420684814453
5,CHRISTOFIDES,10,238.42262985676138,0.0006742477416992188
10,PATH_CHEAPEST_ARC,1,307.0316359857105,0.0014035701751708984
10,PATH_CHEAPEST_ARC,2,284.28582601817664,0.0015439987182617188
10,PATH_CHEAPEST_ARC,3,296.3673872701515,0.0018241405487060547
10,PATH_CHEAPEST_ARC,4,271.9937766201551,0.001619577407836914
10,PATH_CHEAPEST_ARC,5,237.3275565387748,0.0016984939575195312
10,PATH_CHEAPEST_ARC,6,308.6925513579518,0.0015532970428466797
10,PATH_CHEAPEST_ARC,7,296.4856715632533,0.00144195556640625
10,PATH_CHEAPEST_ARC,8,206.63602619550417,0.0014014244079589844
10,PATH_CHEAPEST_ARC,9,296.0874318754146,0.0015451908111572266
10,PATH_CHEAPEST_ARC,10,252.84366319638127,0.001688241958618164
10,SAVINGS,1,280.78650585835805,0.0018084049224853516
10,SAVINGS,2,281.37689764764593,0.0015666484832763672
10,SAVINGS,3,364.8673592482188,0.0015053749084472656
10,SAVINGS,4,247.16236008725775,0.0013637542724609375
10,SAVINGS,5,290.36197463429477,0.0015518665313720703
10,SAVINGS,6,235.96523606912663,0.0015454292297363281
10,SAVINGS,7,233.75216329374476,0.0014111995697021484
10,SAVINGS,8,268.8379237442295,0.0018055438995361328
10,SAVINGS,9,294.296641159231,0.0014917850494384766
10,SAVINGS,10,283.75803113000285,0.0014719963073730469
10,CHRISTOFIDES,1,279.56023303724686,0.0013082027435302734
10,CHRISTOFIDES,2,349.3258511264268,0.0014548301696777344
10,CHRISTOFIDES,3,240.93875538252638,0.0014684200286865234
10,CHRISTOFIDES,4,326.99761815527495,0.001636505126953125
10,CHRISTOFIDES,5,247.66624431509737,0.0014510154724121094
10,CHRISTOFIDES,6,274.32932644139544,0.001630544662475586
10,CHRISTOFIDES,7,271.4920364250684,0.0018398761749267578
10,CHRISTOFIDES,8,300.9306920202475,0.0015194416046142578
10,CHRISTOFIDES,9,289.21132809231824,0.001285552978515625
10,CHRISTOFIDES,10,253.16378908467226,0.0013508796691894531
15,PATH_CHEAPEST_ARC,1,298.42033951519494,0.002660036087036133
15,PATH_CHEAPEST_ARC,2,346.5496213123422,0.0025482177734375
15,PATH_CHEAPEST_ARC,3,359.23535627416766,0.0040166378021240234
15,PATH_CHEAPEST_ARC,4,389.4139358048223,0.002838134765625
15,PATH_CHEAPEST_ARC,5,316.3392815509485,0.0029740333557128906
15,PATH_CHEAPEST_ARC,6,350.32028475544416,0.0028951168060302734
15,PATH_CHEAPEST_ARC,7,349.4853467635478,0.003783702850341797
15,PATH_CHEAPEST_ARC,8,323.87098238781374,0.002920389175415039
15,PATH_CHEAPEST_ARC,9,285.4095766640059,0.003443002700805664
15,PATH_CHEAPEST_ARC,10,384.45754108459977,0.0026466846466064453
15,SAVINGS,1,287.8883493619162,0.0025153160095214844
15,SAVINGS,2,309.85732006869597,0.002753019332885742
15,SAVINGS,3,336.722325111354,0.0028946399688720703
15,SAVINGS,4,319.7561029058475,0.0029685497283935547
15,SAVINGS,5,307.6980725875974,0.002547740936279297
15,SAVINGS,6,367.9232565006886,0.002799510955810547
15,SAVINGS,7,291.50406437057046,0.0028727054595947266
15,SAVINGS,8,327.8438234056658,0.0024840831756591797
15,SAVINGS,9,339.5170418457547,0.0024755001068115234
15,SAVINGS,10,372.16093619112524,0.0030777454376220703
15,CHRISTOFIDES,1,341.96939531516335,0.0028319358825683594
15,CHRISTOFIDES,2,289.34206853419386,0.0023221969604492188
15,CHRISTOFIDES,3,358.84299411646157,0.0029501914978027344
15,CHRISTOFIDES,4,386.40786906927104,0.003214120864868164
15,CHRISTOFIDES,5,358.79985193802327,0.0031528472900390625
15,CHRISTOFIDES,6,303.940982703361,0.0030226707458496094
15,CHRISTOFIDES,7,365.6458108728838,0.0024368762969970703
15,CHRISTOFIDES,8,336.4386647786828,0.002617359161376953
15,CHRISTOFIDES,9,344.4248560642767,0.0030426979064941406
15,CHRISTOFIDES,10,288.73367552839716,0.002568483352661133
20,PATH_CHEAPEST_ARC,1,391.7208979265549,0.004185199737548828
20,PATH_CHEAPEST_ARC,2,367.33843517514015,0.004112720489501953
20,PATH_CHEAPEST_ARC,3,315.48717514247403,0.004452228546142578
20,PATH_CHEAPEST_ARC,4,416.2228931645883,0.005678653717041016
20,PATH_CHEAPEST_ARC,5,358.94181737151774,0.004281282424926758
20,PATH_CHEAPEST_ARC,6,363.5969394816435,0.0061604976654052734
20,PATH_CHEAPEST_ARC,7,369.1838617415787,0.004470348358154297
20,PATH_CHEAPEST_ARC,8,372.2607195441933,0.00636744499206543
20,PATH_CHEAPEST_ARC,9,402.06289842769957,0.0038809776306152344
20,PATH_CHEAPEST_ARC,10,414.8380684879239,0.004607439041137695
20,SAVINGS,1,392.0259911819145,0.007447242736816406
20,SAVINGS,2,400.3850666723219,0.004703521728515625
20,SAVINGS,3,343.75006434472516,0.005729198455810547
20,SAVINGS,4,417.18001778079673,0.004776954650878906
20,SAVINGS,5,379.9567503863495,0.00445866584777832
20,SAVINGS,6,374.5041760050024,0.004518270492553711
20,SAVINGS,7,402.5292715237732,0.004379749298095703
20,SAVINGS,8,352.7252563455661,0.004727602005004883
20,SAVINGS,9,358.3108794119757,0.004274845123291016
20,SAVINGS,10,392.5667328038604,0.004747629165649414
20,CHRISTOFIDES,1,463.9325239745803,0.004289388656616211
20,CHRISTOFIDES,2,382.8049829373712,0.003698110580444336
20,CHRISTOFIDES,3,334.1825367099917,0.004538297653198242
20,CHRISTOFIDES,4,430.9533721071541,0.00467681884765625
20,CHRISTOFIDES,5,411.5197330050974,0.004261970520019531
20,CHRISTOFIDES,6,434.36979848441894,0.005769491195678711
20,CHRISTOFIDES,7,437.86527006031764,0.0043337345123291016
20,CHRISTOFIDES,8,392.71061707547096,0.004537343978881836
20,CHRISTOFIDES,9,357.5980743349282,0.004117250442504883
20,CHRISTOFIDES,10,407.9320176300468,0.003875255584716797
25,PATH_CHEAPEST_ARC,1,403.99830507128826,0.008810997009277344
25,PATH_CHEAPEST_ARC,2,411.4618062753012,0.0069696903228759766
25,PATH_CHEAPEST_ARC,3,398.6867010351162,0.007364749908447266
25,PATH_CHEAPEST_ARC,4,405.76064069727556,0.006483554840087891
25,PATH_CHEAPEST_ARC,5,414.11739310603815,0.008492231369018555
25,PATH_CHEAPEST_ARC,6,400.98577256993724,0.007050037384033203
25,PATH_CHEAPEST_ARC,7,425.4476540783399,0.006520509719848633
25,PATH_CHEAPEST_ARC,8,403.3863427295498,0.005722761154174805
25,PATH_CHEAPEST_ARC,9,380.38316883363115,0.006096839904785156
25,PATH_CHEAPEST_ARC,10,392.2848918114421,0.008459091186523438
25,SAVINGS,1,419.64094425560654,0.006590604782104492
25,SAVINGS,2,415.9814983427691,0.007881641387939453
25,SAVINGS,3,401.506334919664,0.00617218017578125
25,SAVINGS,4,446.6087582599791,0.0063822269439697266
25,SAVINGS,5,428.2770589989504,0.008655071258544922
25,SAVINGS,6,466.21382384224114,0.006422996520996094
25,SAVINGS,7,451.5590460028447,0.00735783576965332
25,SAVINGS,8,448.95287857039136,0.006890773773193359
25,SAVINGS,9,413.86717247011876,0.006314992904663086
25,SAVINGS,10,427.5256139594013,0.00779271125793457
25,CHRISTOFIDES,1,370.1387356216935,0.007383108139038086
25,CHRISTOFIDES,2,492.3341655139241,0.005845546722412109
25,CHRISTOFIDES,3,418.9201739135272,0.006335258483886719
25,CHRISTOFIDES,4,406.3491776120092,0.007745504379272461
25,CHRISTOFIDES,5,425.5982744527247,0.005566596984863281
25,CHRISTOFIDES,6,437.44817907363847,0.006821155548095703
25,CHRISTOFIDES,7,413.7517795660026,0.006409168243408203
25,CHRISTOFIDES,8,434.69231194457865,0.006863117218017578
25,CHRISTOFIDES,9,392.1740618194713,0.0057621002197265625
25,CHRISTOFIDES,10,460.6174053492366,0.006604909896850586
30,PATH_CHEAPEST_ARC,1,487.4316527436909,0.011460065841674805
30,PATH_CHEAPEST_ARC,2,476.3378700292488,0.011132240295410156
30,PATH_CHEAPEST_ARC,3,429.5115349824288,0.009491443634033203
30,PATH_CHEAPEST_ARC,4,504.0845814280134,0.012250423431396484
30,PATH_CHEAPEST_ARC,5,461.63184567100734,0.008865594863891602
30,PATH_CHEAPEST_ARC,6,443.0064510989988,0.008173465728759766
30,PATH_CHEAPEST_ARC,7,457.79601048133344,0.010890722274780273
30,PATH_CHEAPEST_ARC,8,445.63568346078097,0.010290145874023438
30,PATH_CHEAPEST_ARC,9,534.953552173458,0.008166074752807617
30,PATH_CHEAPEST_ARC,10,479.2543955952547,0.01135706901550293
30,SAVINGS,1,434.47694110878905,0.010109901428222656
30,SAVINGS,2,455.1963063553584,0.011867523193359375
30,SAVINGS,3,461.9675708065868,0.010744333267211914
30,SAVINGS,4,497.6638440574315,0.011597633361816406
30,SAVINGS,5,420.0498371313405,0.011733531951904297
30,SAVINGS,6,526.029160889698,0.010303497314453125
30,SAVINGS,7,464.54169209610336,0.01411890983581543
30,SAVINGS,8,448.0705227820036,0.01022481918334961
30,SAVINGS,9,492.9749241873793,0.010380029678344727
30,SAVINGS,10,411.2390058692147,0.008481502532958984
30,CHRISTOFIDES,1,441.9194340989811,0.007664680480957031
30,CHRISTOFIDES,2,456.04385131563185,0.008878231048583984
30,CHRISTOFIDES,3,444.4096021237771,0.01731586456298828
30,CHRISTOFIDES,4,497.17954453270147,0.007516384124755859
30,CHRISTOFIDES,5,489.34712299753033,0.009783506393432617
30,CHRISTOFIDES,6,455.8787204075476,0.010995626449584961
30,CHRISTOFIDES,7,474.65051479255646,0.009505987167358398
30,CHRISTOFIDES,8,445.5265147471961,0.008160829544067383
30,CHRISTOFIDES,9,483.7914765483227,0.009820699691772461
30,CHRISTOFIDES,10,486.7364057997594,0.009820222854614258
35,PATH_CHEAPEST_ARC,1,479.00264444990756,0.010907888412475586
35,PATH_CHEAPEST_ARC,2,442.4871923000929,0.012885570526123047
35,PATH_CHEAPEST_ARC,3,504.1313733256531,0.01456308364868164
35,PATH_CHEAPEST_ARC,4,474.7627675840621,0.01331639289855957
35,PATH_CHEAPEST_ARC,5,516.1921160932186,0.012016773223876953
35,PATH_CHEAPEST_ARC,6,428.20775255827,0.012314081192016602
35,PATH_CHEAPEST_ARC,7,529.8497352728207,0.015194416046142578
35,PATH_CHEAPEST_ARC,8,510.1984115105696,0.01341104507446289
35,PATH_CHEAPEST_ARC,9,503.0415488403,0.018455982208251953
35,PATH_CHEAPEST_ARC,10,533.4968400573719,0.01319742202758789
35,SAVINGS,1,463.59470878218417,0.01371622085571289
35,SAVINGS,2,481.0256308481919,0.016978979110717773
35,SAVINGS,3,488.9732670830415,0.017656326293945312
35,SAVINGS,4,526.1997412425635,0.013056278228759766
35,SAVINGS,5,548.7128481429129,0.012713193893432617
35,SAVINGS,6,470.5338445224406,0.016127347946166992
35,SAVINGS,7,494.26515176176076,0.011834383010864258
35,SAVINGS,8,496.5024751162736,0.014654874801635742
35,SAVINGS,9,437.5974428198767,0.01706671714782715
35,SAVINGS,10,472.7927657702405,0.015328645706176758
35,CHRISTOFIDES,1,465.24920849550335,0.011026620864868164
35,CHRISTOFIDES,2,497.73640955859264,0.016341447830200195
35,CHRISTOFIDES,3,490.81929806556855,0.01199960708618164
35,CHRISTOFIDES,4,497.08880131316056,0.010627269744873047
35,CHRISTOFIDES,5,520.7137798923198,0.013145208358764648
35,CHRISTOFIDES,6,510.09609826983854,0.015193462371826172
35,CHRISTOFIDES,7,507.4159956613952,0.017870187759399414
35,CHRISTOFIDES,8,492.91513719965985,0.013032674789428711
35,CHRISTOFIDES,9,506.4409706839936,0.012376546859741211
35,CHRISTOFIDES,10,515.09763868631,0.01244044303894043
40,PATH_CHEAPEST_ARC,1,518.8085634853599,0.016400575637817383
40,PATH_CHEAPEST_ARC,2,540.2623036115411,0.017342805862426758
40,PATH_CHEAPEST_ARC,3,532.429349992241,0.023355484008789062
40,PATH_CHEAPEST_ARC,4,485.5393518566864,0.0224759578704834
40,PATH_CHEAPEST_ARC,5,528.4011666890846,0.017778873443603516
40,PATH_CHEAPEST_ARC,6,570.7029427511205,0.02012491226196289
40,PATH_CHEAPEST_ARC,7,504.68844395977095,0.016902446746826172
40,PATH_CHEAPEST_ARC,8,510.3429210843083,0.018471479415893555
40,PATH_CHEAPEST_ARC,9,523.1628123557462,0.022807836532592773
40,PATH_CHEAPEST_ARC,10,579.3924203982793,0.01613640785217285
40,SAVINGS,1,565.8872574619056,0.018224000930786133
40,SAVINGS,2,541.9067952862816,0.016974687576293945
40,SAVINGS,3,482.0980899205985,0.01813364028930664
40,SAVINGS,4,557.1962622753351,0.014367341995239258
40,SAVINGS,5,514.8924572035872,0.01767277717590332
40,SAVINGS,6,533.1248339642824,0.01977682113647461
40,SAVINGS,7,498.3496671231422,0.01868605613708496
40,SAVINGS,8,542.2237401220787,0.017407894134521484
40,SAVINGS,9,512.4894767502735,0.014281511306762695
40,SAVINGS,10,511.5624460708495,0.015645503997802734
40,CHRISTOFIDES,1,566.530660730122,0.017931222915649414
40,CHRISTOFIDES,2,528.9282416306503,0.02260589599609375
40,CHRISTOFIDES,3,548.8479408458862,0.01794290542602539
40,CHRISTOFIDES,4,502.0670047460934,0.023435354232788086
40,CHRISTOFIDES,5,525.6435402401164,0.01995110511779785
40,CHRISTOFIDES,6,555.2796354683518,0.019942283630371094
40,CHRISTOFIDES,7,508.4141899124925,0.015967369079589844
40,CHRISTOFIDES,8,592.0035959327481,0.020424365997314453
40,CHRISTOFIDES,9,502.3273101603503,0.014595508575439453
40,CHRISTOFIDES,10,534.1639932040065,0.0161283016204834
45,PATH_CHEAPEST_ARC,1,539.6442876120288,0.02680516242980957
45,PATH_CHEAPEST_ARC,2,556.5577897939844,0.027095317840576172
45,PATH_CHEAPEST_ARC,3,530.1236715031541,0.03700089454650879
45,PATH_CHEAPEST_ARC,4,530.0789440103406,0.018300771713256836
45,PATH_CHEAPEST_ARC,5,546.3981372871768,0.02274465560913086
45,PATH_CHEAPEST_ARC,6,537.0936381779667,0.025519609451293945
45,PATH_CHEAPEST_ARC,7,553.8482909981875,0.021536827087402344
45,PATH_CHEAPEST_ARC,8,549.0650640824497,0.026621103286743164
45,PATH_CHEAPEST_ARC,9,520.2426798138977,0.019712448120117188
45,PATH_CHEAPEST_ARC,10,526.4211095010202,0.023517370223999023
45,SAVINGS,1,535.2911784674639,0.02220439910888672
45,SAVINGS,2,567.2341984182057,0.032195329666137695
45,SAVINGS,3,541.7252992329397,0.019290447235107422
45,SAVINGS,4,513.4304131664068,0.025098323822021484
45,SAVINGS,5,549.6438622831809,0.021462440490722656
45,SAVINGS,6,565.7149486631699,0.020489931106567383
45,SAVINGS,7,588.430075934141,0.020338058471679688
45,SAVINGS,8,570.7712428018733,0.037351369857788086
45,SAVINGS,9,567.0816762991353,0.0193479061126709
45,SAVINGS,10,500.63421428620114,0.019821643829345703
45,CHRISTOFIDES,1,553.659530041206,0.025456905364990234
45,CHRISTOFIDES,2,508.10786084764715,0.020087480545043945
45,CHRISTOFIDES,3,508.6769522085067,0.020424365997314453
45,CHRISTOFIDES,4,562.2214306477869,0.017426252365112305
45,CHRISTOFIDES,5,490.5864456573235,0.01996636390686035
45,CHRISTOFIDES,6,589.6525727944163,0.032132863998413086
45,CHRISTOFIDES,7,564.9142058053443,0.01967644691467285
45,CHRISTOFIDES,8,553.0317083565187,0.01968693733215332
45,CHRISTOFIDES,9,486.1206894422696,0.01780247688293457
45,CHRISTOFIDES,10,525.3829689084909,0.017655372619628906
50,PATH_CHEAPEST_ARC,1,574.8337006792302,0.03488659858703613
50,PATH_CHEAPEST_ARC,2,569.0855746529866,0.033953189849853516
50,PATH_CHEAPEST_ARC,3,554.1442362563893,0.04806876182556152
50,PATH_CHEAPEST_ARC,4,628.2377037702809,0.025821447372436523
50,PATH_CHEAPEST_ARC,5,658.109212496475,0.030484914779663086
50,PATH_CHEAPEST_ARC,6,603.5157986193728,0.04146146774291992
50,PATH_CHEAPEST_ARC,7,567.9370226870773,0.04022407531738281
50,PATH_CHEAPEST_ARC,8,621.7085184147005,0.04103708267211914
50,PATH_CHEAPEST_ARC,9,611.4563181333632,0.031206130981445312
50,PATH_CHEAPEST_ARC,10,573.8136344181239,0.028629541397094727
50,SAVINGS,1,519.2903243597041,0.04968881607055664
50,SAVINGS,2,539.7750649065468,0.027958393096923828
50,SAVINGS,3,597.6712928906072,0.023528337478637695
50,SAVINGS,4,574.6620154233957,0.030382633209228516
50,SAVINGS,5,537.9490223913596,0.049555301666259766
50,SAVINGS,6,563.8145351628555,0.034059762954711914
50,SAVINGS,7,589.5237518270462,0.028748750686645508
50,SAVINGS,8,597.2834921442129,0.04154515266418457
50,SAVINGS,9,476.92957192534965,0.03218483924865723
50,SAVINGS,10,587.8923398032424,0.02770400047302246
50,CHRISTOFIDES,1,576.1354697619507,0.026726722717285156
50,CHRISTOFIDES,2,520.2176033129734,0.024700641632080078
50,CHRISTOFIDES,3,536.1655847610095,0.02804255485534668
50,CHRISTOFIDES,4,589.7881095165785,0.028913021087646484
50,CHRISTOFIDES,5,576.2268441098238,0.027836084365844727
50,CHRISTOFIDES,6,621.4492949698213,0.04009652137756348
50,CHRISTOFIDES,7,553.9042092558328,0.02929377555847168
50,CHRISTOFIDES,8,596.3987532393139,0.02332448959350586
50,CHRISTOFIDES,9,566.2144228767086,0.035660505294799805
50,CHRISTOFIDES,10,560.0874991042688,0.028438568115234375
